{
  "version": 1,
  "width": 105,
  "height": 55,
  "duration": 7.985393,
  "command": null,
  "title": null,
  "env": {
    "TERM": "xterm-256color",
    "SHELL": "/bin/bash"
  },
  "stdout": [
    [
      0.005967,
      "\u001b]0;maycon@DayOfDevil:~/_flash.dump.extracted/squashfs-root\u0007"
    ],
    [
      7.3e-05,
      "[maycon@DayOfDevil squashfs-root]$ "
    ],
    [
      1.540172,
      "f"
    ],
    [
      0.102147,
      "i"
    ],
    [
      0.179198,
      "l"
    ],
    [
      0.032473,
      "e"
    ],
    [
      0.121516,
      " "
    ],
    [
      0.268493,
      "b"
    ],
    [
      0.087698,
      "i"
    ],
    [
      0.084363,
      "n"
    ],
    [
      0.285543,
      "/"
    ],
    [
      0.230174,
      "l"
    ],
    [
      0.115894,
      "s"
    ],
    [
      0.20552,
      "\r\n"
    ],
    [
      0.010194,
      "bin/ls: symbolic link to busybox\r\n"
    ],
    [
      0.000559,
      "\u001b]0;maycon@DayOfDevil:~/_flash.dump.extracted/squashfs-root\u0007"
    ],
    [
      0.000167,
      "[maycon@DayOfDevil squashfs-root]$ "
    ],
    [
      1.298076,
      "f"
    ],
    [
      0.101536,
      "i"
    ],
    [
      0.198687,
      "l"
    ],
    [
      0.120289,
      "e"
    ],
    [
      0.365366,
      " "
    ],
    [
      0.240096,
      "b"
    ],
    [
      0.061035,
      "i"
    ],
    [
      0.068852,
      "n"
    ],
    [
      0.268084,
      "/"
    ],
    [
      0.743,
      "b"
    ],
    [
      0.175471,
      "u"
    ],
    [
      0.134193,
      "s"
    ],
    [
      0.093368,
      "y"
    ],
    [
      0.246848,
      "b"
    ],
    [
      0.079416,
      "o"
    ],
    [
      0.13931,
      "x"
    ],
    [
      0.364149,
      "\r\n"
    ],
    [
      0.014142,
      "bin/busybox: ELF 32-bit MSB executable, MIPS, MIPS32 rel2 version 1 (SYSV), dynamically linked, interpreter /lib/ld-uClibc.so.0, stripped\r\n"
    ],
    [
      0.000762,
      "\u001b]0;maycon@DayOfDevil:~/_flash.dump.extracted/squashfs-root\u0007"
    ],
    [
      0.00036,
      "[maycon@DayOfDevil squashfs-root]$ "
    ]
  ]
}