{
  "version": 1,
  "width": 105,
  "height": 55,
  "duration": 38.045942,
  "command": null,
  "title": null,
  "env": {
    "TERM": "xterm-256color",
    "SHELL": "/bin/bash"
  },
  "stdout": [
    [
      0.006094,
      "\u001b]0;maycon@DayOfDevil:~/_flash.dump.extracted/squashfs-root\u0007"
    ],
    [
      9.7e-05,
      "[maycon@DayOfDevil squashfs-root]$ "
    ],
    [
      1.130091,
      "l"
    ],
    [
      0.060374,
      "s"
    ],
    [
      0.125539,
      " "
    ],
    [
      0.046296,
      "-"
    ],
    [
      0.101765,
      "l"
    ],
    [
      0.083334,
      "a"
    ],
    [
      0.43363,
      "\r\n"
    ],
    [
      0.00747,
      "total 88\r\n"
    ],
    [
      8.9e-05,
      "drwxr-xr-x  12 maycon users  4096 Jul 15  2016 \u001b[0m\u001b[01;34m.\u001b[0m\r\ndrwxr-xr-x 141 maycon users 40960 Feb 19 03:07 \u001b[01;34m..\u001b[0m\r\ndrwxr-xr-x   2 maycon users  4096 Jul 15  2016 \u001b[01;34mbin\u001b[0m\r\ndrwxrwxrwx   4 maycon users  4096 Jul 15  2016 \u001b[34;42mboaroot\u001b[0m\r\ndrwxr-xr-x   5 maycon users  4096 Jul 15  2016 \u001b[01;34mdev\u001b[0m\r\n"
    ],
    [
      5.2e-05,
      "lrwxrwxrwx   1 maycon users     8 Feb 19 03:07 \u001b[01;36metc\u001b[0m -> /tmp/etc\r\ndrwxr-xr-x   3 maycon users  4096 Jul 15  2016 \u001b[01;34mlib\u001b[0m\r\nlrwxrwxrwx   1 maycon users    11 Feb 19 03:07 \u001b[01;36mlinuxrc\u001b[0m -> bin/busybox\r\ndrwxr-xr-x   2 maycon users  4096 Jul 15  2016 \u001b[01;34mproc\u001b[0m\r\ndrwxr-xr-x   2 maycon users  4096 Jul 15  2016 \u001b[01;34msbin\u001b[0m\r\ndrwxr-xr-x   2 maycon users  4096 Jul 15  2016 \u001b[01;34msys\u001b[0m\r\n"
    ],
    [
      5.4e-05,
      "drwxr-xr-x   2 maycon users  4096 Jul 15  2016 \u001b[01;34mtmp\u001b[0m\r\ndrwxr-xr-x   4 maycon users  4096 Jul 15  2016 \u001b[01;34muserfs\u001b[0m\r\ndrwxr-xr-x   6 maycon users  4096 Jul 15  2016 \u001b[01;34musr\u001b[0m\r\nlrwxrwxrwx   1 maycon users     8 Feb 19 03:07 \u001b[01;36mvar\u001b[0m -> /tmp/var\r\n"
    ],
    [
      0.000613,
      "\u001b]0;maycon@DayOfDevil:~/_flash.dump.extracted/squashfs-root\u0007"
    ],
    [
      0.000299,
      "[maycon@DayOfDevil squashfs-root]$ "
    ],
    [
      1.756067,
      "f"
    ],
    [
      0.114876,
      "i"
    ],
    [
      0.238915,
      "l"
    ],
    [
      0.881809,
      "e"
    ],
    [
      0.429925,
      " "
    ],
    [
      0.220745,
      "b"
    ],
    [
      0.041188,
      "i"
    ],
    [
      0.064308,
      "n"
    ],
    [
      0.289199,
      "/"
    ],
    [
      0.489514,
      "l"
    ],
    [
      0.087957,
      "s"
    ],
    [
      0.438636,
      "\r\n"
    ],
    [
      0.009797,
      "bin/ls: symbolic link to busybox\r\n"
    ],
    [
      0.000759,
      "\u001b]0;maycon@DayOfDevil:~/_flash.dump.extracted/squashfs-root\u0007"
    ],
    [
      0.000272,
      "[maycon@DayOfDevil squashfs-root]$ "
    ],
    [
      0.672971,
      "f"
    ],
    [
      0.083055,
      "i"
    ],
    [
      0.198119,
      "l"
    ],
    [
      0.045937,
      "e"
    ],
    [
      0.093867,
      " "
    ],
    [
      0.566285,
      "b"
    ],
    [
      0.115783,
      "i"
    ],
    [
      0.092381,
      "n"
    ],
    [
      0.281686,
      "/"
    ],
    [
      0.692916,
      "b"
    ],
    [
      0.652948,
      "u"
    ],
    [
      0.119964,
      "s"
    ],
    [
      0.074751,
      "y"
    ],
    [
      0.13802,
      "box "
    ],
    [
      0.541922,
      "\r\n"
    ],
    [
      0.005646,
      "bin/busybox: ELF 32-bit MSB executable, MIPS, MIPS32 rel2 version 1 (SYSV), dynamically linked, interpreter /lib/ld-uClibc.so.0, stripped\r\n"
    ],
    [
      0.00039,
      "\u001b]0;maycon@DayOfDevil:~/_flash.dump.extracted/squashfs-root\u0007"
    ],
    [
      7.9e-05,
      "[maycon@DayOfDevil squashfs-root]$ "
    ],
    [
      0.956148,
      "c"
    ],
    [
      0.116216,
      "p"
    ],
    [
      0.325557,
      " "
    ],
    [
      0.148129,
      "$"
    ],
    [
      0.115826,
      "("
    ],
    [
      0.260886,
      "w"
    ],
    [
      0.09569,
      "h"
    ],
    [
      0.088443,
      "i"
    ],
    [
      0.055933,
      "c"
    ],
    [
      0.125872,
      "h"
    ],
    [
      0.445462,
      " "
    ],
    [
      0.136477,
      "q"
    ],
    [
      0.207924,
      "e"
    ],
    [
      0.196537,
      "m"
    ],
    [
      0.328262,
      "u"
    ],
    [
      0.903576,
      "-"
    ],
    [
      0.45724,
      "m"
    ],
    [
      0.101497,
      "i"
    ],
    [
      0.229933,
      "p"
    ],
    [
      0.071107,
      "s"
    ],
    [
      0.142421,
      "-"
    ],
    [
      0.19152,
      "s"
    ],
    [
      0.139306,
      "t"
    ],
    [
      0.069587,
      "a"
    ],
    [
      0.101602,
      "t"
    ],
    [
      0.130176,
      "i"
    ],
    [
      0.120307,
      "c"
    ],
    [
      0.312689,
      ")"
    ],
    [
      0.262055,
      " "
    ],
    [
      0.111211,
      "."
    ],
    [
      0.462773,
      "\r\n"
    ],
    [
      0.026474,
      "\u001b]0;maycon@DayOfDevil:~/_flash.dump.extracted/squashfs-root\u0007"
    ],
    [
      0.000237,
      "[maycon@DayOfDevil squashfs-root]$ "
    ],
    [
      0.469231,
      "l"
    ],
    [
      0.082711,
      "s"
    ],
    [
      0.075207,
      " "
    ],
    [
      0.105923,
      "-"
    ],
    [
      0.102573,
      "l"
    ],
    [
      0.595434,
      "a"
    ],
    [
      0.283051,
      " "
    ],
    [
      0.295642,
      "q"
    ],
    [
      0.177793,
      "m"
    ],
    [
      0.123523,
      "e"
    ],
    [
      0.166265,
      "\u0007"
    ],
    [
      1.517963,
      "\b\u001b[K"
    ],
    [
      0.151026,
      "\b\u001b[K"
    ],
    [
      0.293716,
      "e"
    ],
    [
      0.11553,
      "m"
    ],
    [
      0.111469,
      "u-mips-static "
    ],
    [
      1.014348,
      "\r\n"
    ],
    [
      0.004635,
      "-rwxr-xr-x 1 maycon users 3289936 Feb 19 03:47 \u001b[0m\u001b[01;32mqemu-mips-static\u001b[0m\r\n"
    ],
    [
      0.000197,
      "\u001b]0;maycon@DayOfDevil:~/_flash.dump.extracted/squashfs-root\u0007"
    ],
    [
      3.2e-05,
      "[maycon@DayOfDevil squashfs-root]$ "
    ],
    [
      1.878612,
      "s"
    ],
    [
      0.101634,
      "u"
    ],
    [
      0.042057,
      "d"
    ],
    [
      0.125869,
      "o"
    ],
    [
      0.084059,
      " "
    ],
    [
      0.050493,
      "c"
    ],
    [
      0.106163,
      "h"
    ],
    [
      0.111822,
      "r"
    ],
    [
      0.278008,
      "o"
    ],
    [
      0.14172,
      "t"
    ],
    [
      0.362134,
      "\b\u001b[K"
    ],
    [
      0.137879,
      "\b\u001b[K"
    ],
    [
      0.173303,
      "o"
    ],
    [
      0.44904,
      "t"
    ],
    [
      0.410952,
      "\b\u001b[K"
    ],
    [
      0.158166,
      "o"
    ],
    [
      0.092688,
      "t"
    ],
    [
      0.230441,
      " "
    ],
    [
      0.110801,
      "."
    ],
    [
      0.584555,
      " "
    ],
    [
      0.154108,
      "."
    ],
    [
      0.125164,
      "/"
    ],
    [
      0.273673,
      "q"
    ],
    [
      0.364022,
      "e"
    ],
    [
      0.204811,
      "m"
    ],
    [
      0.164066,
      "u-mips-static "
    ],
    [
      1.730731,
      "b"
    ],
    [
      0.06442,
      "i"
    ],
    [
      0.07924,
      "n"
    ],
    [
      0.098257,
      "/"
    ],
    [
      0.229758,
      "l"
    ],
    [
      0.083655,
      "s"
    ],
    [
      1.498109,
      "\r\n"
    ],
    [
      0.019472,
      "[sudo] password for maycon: "
    ],
    [
      2.711075,
      "\r\n"
    ],
    [
      0.050576,
      "bin               etc               proc              sys               usr\r\n"
    ],
    [
      3.2e-05,
      "boaroot           lib               qemu-mips-static  tmp               var\r\n"
    ],
    [
      2.1e-05,
